idx	version	outer	inner_min	inner_max	adr	time
0	parallel	10	10	20010	random	8.983000e-03
1	parallel	100	10	20010	random	7.688550e-02
2	parallel	1000	10	20010	random	2.235215e-01
3	parallel	10000	10	20010	random	2.031665e+00
